OE24,0
OE24,0
OE24,0
OE24,0
OE24,0
OE24,0
OE24,1
OE24,0
OE24,0
OE24,0
OE24,0
OE24,0
OE24,0
OE24,0
OE24,0
OE24,0
OE24,0
OE24,0
OE24,1
OE24,1
OE24,0
OE24,0
OE24,2
OE24,1
OE24,0
OE24,0
OE24,0
OE24,0
OE24,0
OE24,0
OE24,0
OE24,1
OE24,0
OE24,0
OE24,0
OE24,0
OE24,0
OE24,1
OE24,0
OE24,0
OE24,0
OE24,0
OE24,0
OE24,0
OE24,0
OE24,0
OE24,0
OE24,0
OE24,0
OE24,0
OE24,0
OE24,0
OE24,0
OE24,0
OE24,0
OE24,0
OE24,0
OE24,0
OE24,0
OE24,0
OE24,0
OE24,0
OE24,0
OE24,0
OE24,0
OE24,0
OE24,0
OE24,0
OE24,0
OE24,0
OE24,0
OE24,0
OE24,0
OE24,0
OE24,0
WH24,10
WH24,2
WH24,5
WH24,3
WH24,1
WH24,1
WH24,6
WH24,2
WH24,5
WH24,2
WH24,4
WH24,6
WH24,0
WH24,6
WH24,6
WH24,3
WH24,6
WH24,3
WH24,5
WH24,7
WH24,2
WH24,7
WH24,4
WH24,4
WH24,9
WH24,2
WH24,2
WH24,0
WH24,1
WH24,2
WH24,2
WH24,0
WH24,3
WH24,1
WH24,0
WH24,2
WH24,1
WH24,3
WH24,1
WH24,0
WH24,1
WH24,2
WH24,4
WH24,0
WH24,1
WH24,2
WH24,1
WH24,0
WH24,1
WH24,2
WH24,3
WH24,0
WH24,2
WH24,4
WH24,4
WH24,4
WH24,6
WH24,1
WH24,1
WH24,3
WH24,6
WH24,2
WH24,5
WH24,3
WH24,3
WH24,5
WH24,6
WH24,1
WH24,5
WH24,5
WH24,5
WH24,8
WH24,3
WH24,2
WH24,5
OE48,0
OE48,0
OE48,1
OE48,0
OE48,3
OE48,0
OE48,0
OE48,0
OE48,1
OE48,2
OE48,0
OE48,0
OE48,0
OE48,0
OE48,3
OE48,1
OE48,0
OE48,1
OE48,0
OE48,2
OE48,0
OE48,0
OE48,0
OE48,0
OE48,0
OE48,0
OE48,0
OE48,0
OE48,0
OE48,1
OE48,0
OE48,1
OE48,1
OE48,0
OE48,2
OE48,0
OE48,0
OE48,0
OE48,0
OE48,0
OE48,1
OE48,0
OE48,0
OE48,0
OE48,0
OE48,1
OE48,1
OE48,1
OE48,0
OE48,0
OE48,1
OE48,0
OE48,0
OE48,0
OE48,1
OE48,0
OE48,0
OE48,0
OE48,0
OE48,0
OE48,1
OE48,0
OE48,0
OE48,0
OE48,1
OE48,1
OE48,0
OE48,0
OE48,1
OE48,0
OE48,0
OE48,1
OE48,0
OE48,1
OE48,1
WH48,5
WH48,10
WH48,7
WH48,8
WH48,5
WH48,5
WH48,3
WH48,5
WH48,10
WH48,3
WH48,7
WH48,4
WH48,8
WH48,7
WH48,3
WH48,5
WH48,8
WH48,8
WH48,8
WH48,5
WH48,5
WH48,9
WH48,8
WH48,6
WH48,5
WH48,2
WH48,2
WH48,2
WH48,3
WH48,1
WH48,4
WH48,0
WH48,0
WH48,5
WH48,3
WH48,3
WH48,6
WH48,4
WH48,3
WH48,2
WH48,4
WH48,2
WH48,4
WH48,1
WH48,0
WH48,2
WH48,2
WH48,1
WH48,2
WH48,3
WH48,8
WH48,4
WH48,14
WH48,9
WH48,7
WH48,7
WH48,8
WH48,8
WH48,5
WH48,12
WH48,9
WH48,11
WH48,9
WH48,13
WH48,4
WH48,8
WH48,9
WH48,8
WH48,4
WH48,5
WH48,10
WH48,8
WH48,7
WH48,6
WH48,5
OE72,1
OE72,0
OE72,2
OE72,1
OE72,1
OE72,1
OE72,1
OE72,0
OE72,0
OE72,2
OE72,1
OE72,0
OE72,0
OE72,2
OE72,0
OE72,1
OE72,1
OE72,0
OE72,0
OE72,3
OE72,1
OE72,2
OE72,1
OE72,1
OE72,4
OE72,1
OE72,1
OE72,0
OE72,0
OE72,0
OE72,1
OE72,0
OE72,0
OE72,0
OE72,1
OE72,2
OE72,0
OE72,1
OE72,1
OE72,0
OE72,0
OE72,2
OE72,1
OE72,2
OE72,1
OE72,2
OE72,1
OE72,2
OE72,0
OE72,1
OE72,0
OE72,0
OE72,0
OE72,0
OE72,0
OE72,1
OE72,0
OE72,0
OE72,0
OE72,0
OE72,1
OE72,0
OE72,0
OE72,0
OE72,2
OE72,0
OE72,0
OE72,1
OE72,1
OE72,0
OE72,0
OE72,0
OE72,0
OE72,0
OE72,1
WH72,2
WH72,2
WH72,1
WH72,1
WH72,4
WH72,5
WH72,4
WH72,4
WH72,0
WH72,3
WH72,3
WH72,1
WH72,1
WH72,0
WH72,2
WH72,0
WH72,1
WH72,0
WH72,4
WH72,0
WH72,2
WH72,1
WH72,1
WH72,1
WH72,2
WH72,5
WH72,3
WH72,2
WH72,5
WH72,3
WH72,4
WH72,3
WH72,2
WH72,4
WH72,6
WH72,1
WH72,4
WH72,1
WH72,0
WH72,1
WH72,2
WH72,0
WH72,0
WH72,1
WH72,3
WH72,0
WH72,2
WH72,3
WH72,0
WH72,2
WH72,4
WH72,5
WH72,1
WH72,0
WH72,3
WH72,1
WH72,5
WH72,2
WH72,2
WH72,3
WH72,4
WH72,1
WH72,2
WH72,8
WH72,0
WH72,4
WH72,4
WH72,5
WH72,4
WH72,4
WH72,6
WH72,0
WH72,3
WH72,4
WH72,3