OE24,15
OE24,15
OE24,21
OE24,16
OE24,20
OE24,24
OE24,15
OE24,16
OE24,14
OE24,13
OE24,16
OE24,11
OE24,15
OE24,20
OE24,17
OE24,9
OE24,26
OE24,7
OE24,8
OE24,11
OE24,9
OE24,11
OE24,15
OE24,16
OE24,23
OE24,0
OE24,1
OE24,7
OE24,9
OE24,4
OE24,5
OE24,1
OE24,9
OE24,1
OE24,3
OE24,7
OE24,4
OE24,3
OE24,4
OE24,6
OE24,7
OE24,5
OE24,7
OE24,9
OE24,8
OE24,5
OE24,6
OE24,1
OE24,1
OE24,2
OE24,4
OE24,3
OE24,0
OE24,5
OE24,3
OE24,0
OE24,5
OE24,2
OE24,3
OE24,2
OE24,3
OE24,4
OE24,3
OE24,5
OE24,3
OE24,5
OE24,4
OE24,3
OE24,2
OE24,2
OE24,3
OE24,6
OE24,3
OE24,54
OE24,22
WH24,7
WH24,5
WH24,8
WH24,8
WH24,5
WH24,5
WH24,4
WH24,7
WH24,11
WH24,6
WH24,5
WH24,6
WH24,4
WH24,4
WH24,7
WH24,7
WH24,4
WH24,6
WH24,11
WH24,10
WH24,7
WH24,5
WH24,5
WH24,3
WH24,3
WH24,2
WH24,6
WH24,2
WH24,6
WH24,8
WH24,4
WH24,6
WH24,5
WH24,7
WH24,4
WH24,3
WH24,5
WH24,5
WH24,3
WH24,10
WH24,2
WH24,4
WH24,6
WH24,8
WH24,3
WH24,6
WH24,3
WH24,4
WH24,2
WH24,3
WH24,11
WH24,10
WH24,15
WH24,8
WH24,16
WH24,10
WH24,11
WH24,9
WH24,9
WH24,10
WH24,7
WH24,7
WH24,10
WH24,15
WH24,13
WH24,7
WH24,4
WH24,7
WH24,6
WH24,12
WH24,12
WH24,9
WH24,8
WH24,11
WH24,7
OE48,0
OE48,0
OE48,0
OE48,0
OE48,0
OE48,0
OE48,0
OE48,2
OE48,0
OE48,0
OE48,0
OE48,0
OE48,0
OE48,0
OE48,0
OE48,0
OE48,0
OE48,1
OE48,0
OE48,0
OE48,0
OE48,0
OE48,0
OE48,0
OE48,0
OE48,0
OE48,0
OE48,0
OE48,0
OE48,0
OE48,0
OE48,0
OE48,0
OE48,0
OE48,1
OE48,0
OE48,0
OE48,0
OE48,0
OE48,0
OE48,1
OE48,0
OE48,0
OE48,0
OE48,0
OE48,0
OE48,0
OE48,0
OE48,0
OE48,0
OE48,0
OE48,0
OE48,0
OE48,0
OE48,1
OE48,0
OE48,0
OE48,0
OE48,0
OE48,0
OE48,0
OE48,0
OE48,0
OE48,0
OE48,0
OE48,0
OE48,0
OE48,1
OE48,0
OE48,0
OE48,0
OE48,0
OE48,0
OE48,0
OE48,0
WH48,2
WH48,0
WH48,1
WH48,1
WH48,0
WH48,0
WH48,0
WH48,0
WH48,0
WH48,1
WH48,1
WH48,1
WH48,1
WH48,0
WH48,0
WH48,1
WH48,1
WH48,2
WH48,0
WH48,1
WH48,1
WH48,0
WH48,0
WH48,0
WH48,0
WH48,0
WH48,0
WH48,0
WH48,1
WH48,0
WH48,1
WH48,1
WH48,0
WH48,1
WH48,1
WH48,1
WH48,0
WH48,0
WH48,1
WH48,0
WH48,0
WH48,1
WH48,1
WH48,0
WH48,0
WH48,0
WH48,0
WH48,2
WH48,0
WH48,0
WH48,0
WH48,0
WH48,0
WH48,0
WH48,0
WH48,0
WH48,0
WH48,0
WH48,1
WH48,0
WH48,1
WH48,1
WH48,2
WH48,0
WH48,1
WH48,0
WH48,0
WH48,0
WH48,3
WH48,0
WH48,0
WH48,0
WH48,0
WH48,0
WH48,0
OE72,0
OE72,0
OE72,0
OE72,0
OE72,0
OE72,1
OE72,0
OE72,0
OE72,0
OE72,0
OE72,0
OE72,0
OE72,0
OE72,0
OE72,0
OE72,0
OE72,1
OE72,1
OE72,0
OE72,0
OE72,10
OE72,8
OE72,0
OE72,0
OE72,0
OE72,5
OE72,15
OE72,0
OE72,0
OE72,0
OE72,2
OE72,0
OE72,0
OE72,0
OE72,0
OE72,0
OE72,0
OE72,0
OE72,0
OE72,0
OE72,0
OE72,3
OE72,4
OE72,0
OE72,0
OE72,6
OE72,2
OE72,0
OE72,0
OE72,1
OE72,0
OE72,0
OE72,0
OE72,0
OE72,0
OE72,0
OE72,0
OE72,0
OE72,0
OE72,0
OE72,0
OE72,0
OE72,0
OE72,0
OE72,1
OE72,0
OE72,0
OE72,0
OE72,1
OE72,0
OE72,0
OE72,0
OE72,0
OE72,0
OE72,9
WH72,17
WH72,26
WH72,14
WH72,32
WH72,42
WH72,39
WH72,33
WH72,40
WH72,36
WH72,43
WH72,41
WH72,14
WH72,23
WH72,15
WH72,26
WH72,30
WH72,35
WH72,29
WH72,17
WH72,8
WH72,12
WH72,13
WH72,5
WH72,5
WH72,11
WH72,2
WH72,8
WH72,1
WH72,2
WH72,2
WH72,4
WH72,3
WH72,2
WH72,1
WH72,3
WH72,2
WH72,2
WH72,1
WH72,3
WH72,3
WH72,0
WH72,2
WH72,3
WH72,2
WH72,1
WH72,1
WH72,1
WH72,4
WH72,3
WH72,0
WH72,25
WH72,33
WH72,14
WH72,11
WH72,19
WH72,10
WH72,35
WH72,9
WH72,22
WH72,13
WH72,32
WH72,16
WH72,13
WH72,24
WH72,6
WH72,8
WH72,19
WH72,14
WH72,17
WH72,11
WH72,15
WH72,8
WH72,24
WH72,23
WH72,18